{"rank": {"1+0": [0.166667, 0.311594, 0.436759, 0.544043, 0.635234, 0.712027, 0.776021, 0.828722, 0.871542, 0.905797, 0.932712, 0.953416, 0.968944, 0.980237, 0.988142, 0.993412, 0.996706, 0.998588, 0.999529, 0.999906, 1.0, 1.0, 1.0], "1+1": [0.0, 0.057971, 0.150198, 0.259364, 0.373235, 0.483551, 0.585096, 0.674943, 0.751832, 0.815677, 0.867174, 0.907505, 0.938113, 0.960535, 0.976297, 0.986826, 0.993412, 0.997177, 0.999059, 0.999812, 1.0, 1.0, 1.0], "2+0": [0.0, 0.021739, 0.061265, 0.114907, 0.179277, 0.25127, 0.328063, 0.407115, 0.486166, 0.563241, 0.636646, 0.704969, 0.767081, 0.822134, 0.869565, 0.909091, 0.940711, 0.964709, 0.981649, 0.992377, 0.998024, 1.0, 1.0], "2+1": [0.0, 0.0, 0.011858, 0.041031, 0.088556, 0.152605, 0.229688, 0.315554, 0.40583, 0.496453, 0.583941, 0.665519, 0.739166, 0.803575, 0.858087, 0.902592, 0.937429, 0.963298, 0.981178, 0.992283, 0.998024, 1.0, 1.0], "2+2": [0.0, 0.0, 0.0, 0.003388, 0.014681, 0.03801, 0.076208, 0.130378, 0.199819, 0.282223, 0.374036, 0.470915, 0.568217, 0.661462, 0.74673, 0.820968, 0.882186, 0.929537, 0.963298, 0.984754, 0.996047, 1.0, 1.0], "3+0": [0.0, 0.0, 0.001976, 0.007623, 0.018351, 0.035291, 0.059289, 0.090909, 0.130435, 0.177866, 0.232919, 0.295031, 0.363354, 0.436759, 0.513834, 0.592885, 0.671937, 0.74873, 0.820723, 0.885093, 0.938735, 0.978261, 1.0], "3+1": [0.0, 0.0, 0.0, 0.001506, 0.006682, 0.017757, 0.036636, 0.064678, 0.102595, 0.150451, 0.207712, 0.27335, 0.345938, 0.423767, 0.504925, 0.587365, 0.668932, 0.747362, 0.820252, 0.884999, 0.938735, 0.978261, 1.0], "3+2": [0.0, 0.0, 0.0, 0.0, 0.000565, 0.003016, 0.009361, 0.022039, 0.043576, 0.076212, 0.121551, 0.180278, 0.251985, 0.335106, 0.426975, 0.524015, 0.62201, 0.716455, 0.802936, 0.87747, 0.936759, 0.978261, 1.0], "4+0": [0.0, 0.0, 0.0, 9.4e-05, 0.000471, 0.001412, 0.003294, 0.006588, 0.011858, 0.019763, 0.031056, 0.046584, 0.067288, 0.094203, 0.128458, 0.171278, 0.223979, 0.287973, 0.364766, 0.455957, 0.563241, 0.688406, 0.833333]}, "straight": {"1": [0.166667, 0.311594, 0.436759, 0.544043, 0.635234, 0.712027, 0.776021, 0.828722, 0.871542, 0.905797, 0.932712, 0.953416, 0.968944, 0.980237, 0.988142, 0.993412, 0.996706, 0.998588, 0.999529, 0.999906, 1.0, 1.0, 1.0], "2": [0.0, 0.057971, 0.150198, 0.259364, 0.373235, 0.483551, 0.585096, 0.674943, 0.751832, 0.815677, 0.867174, 0.907505, 0.938113, 0.960535, 0.976297, 0.986826, 0.993412, 0.997177, 0.999059, 0.999812, 1.0, 1.0, 1.0], "3": [0.0, 0.0, 0.031621, 0.099379, 0.19537, 0.307706, 0.424936, 0.53799, 0.640705, 0.729607, 0.803382, 0.862267, 0.907505, 0.940895, 0.964464, 0.980241, 0.990119, 0.995765, 0.998588, 0.999718, 1.0, 1.0, 1.0], "4": [0.0, 0.0, 0.0, 0.024092, 0.084321, 0.177836, 0.293276, 0.417191, 0.53799, 0.647552, 0.741329, 0.817701, 0.877122, 0.921316, 0.952643, 0.973658, 0.986825, 0.994353, 0.998118, 0.999624, 1.0, 1.0, 1.0], "5": [0.0, 0.0, 0.0, 0.0, 0.024092, 0.087491, 0.187874, 0.311876, 0.44352, 0.56948, 0.681012, 0.773807, 0.846964, 0.901798, 0.940834, 0.967076, 0.983531, 0.992942, 0.997647, 0.999529, 1.0, 1.0, 1.0]}, "flush": {"1": [0.25, 0.445652, 0.596838, 0.712027, 0.798419, 0.862076, 0.908051, 0.940503, 0.962815, 0.977689, 0.987251, 0.993135, 0.996568, 0.99844, 0.999376, 0.999792, 0.999948, 0.999993, 1.0, 1.0, 1.0, 1.0, 1.0], "2": [0.0, 0.054348, 0.143281, 0.25127, 0.36646, 0.480133, 0.586228, 0.680882, 0.762014, 0.828947, 0.882069, 0.922524, 0.951945, 0.972228, 0.985334, 0.993135, 0.997296, 0.99919, 0.999859, 1.0, 1.0, 1.0, 1.0], "3": [0.0, 0.0, 0.009881, 0.035291, 0.078487, 0.139113, 0.214895, 0.302268, 0.396921, 0.494279, 0.589899, 0.679797, 0.760706, 0.830248, 0.88704, 0.930726, 0.961931, 0.982139, 0.993506, 0.998588, 1.0, 1.0, 1.0], "4": [0.0, 0.0, 0.0, 0.001412, 0.006494, 0.017861, 0.038069, 0.069274, 0.11296, 0.169752, 0.239294, 0.320203, 0.410101, 0.505721, 0.603079, 0.697732, 0.785105, 0.860887, 0.921513, 0.964709, 0.990119, 1.0, 1.0], "5": [0.0, 0.0, 0.0, 0.0, 0.000141, 0.00081, 0.002704, 0.006865, 0.014666, 0.027772, 0.048055, 0.077476, 0.117931, 0.171053, 0.237986, 0.319118, 0.413772, 0.519867, 0.63354, 0.74873, 0.856719, 0.945652, 1.0]}, "straight_flush": {"1": [0.041667, 0.083333, 0.125, 0.166667, 0.208333, 0.25, 0.291667, 0.333333, 0.375, 0.416667, 0.458333, 0.5, 0.541667, 0.583333, 0.625, 0.666667, 0.708333, 0.75, 0.791667, 0.833333, 0.875, 0.916667, 0.958333], "2": [0.0, 0.003623, 0.01087, 0.021739, 0.036232, 0.054348, 0.076087, 0.101449, 0.130435, 0.163043, 0.199275, 0.23913, 0.282609, 0.32971, 0.380435, 0.434783, 0.492754, 0.554348, 0.619565, 0.688406, 0.76087, 0.836957, 0.916667], "3": [0.0, 0.0, 0.000494, 0.001976, 0.004941, 0.009881, 0.017292, 0.027668, 0.041502, 0.059289, 0.081522, 0.108696, 0.141304, 0.179842, 0.224802, 0.27668, 0.335968, 0.403162, 0.478755, 0.563241, 0.657115, 0.76087, 0.875], "4": [0.0, 0.0, 0.0, 9.4e-05, 0.000471, 0.001412, 0.003294, 0.006588, 0.011858, 0.019763, 0.031056, 0.046584, 0.067288, 0.094203, 0.128458, 0.171278, 0.223979, 0.287973, 0.364766, 0.455957, 0.563241, 0.688406, 0.833333], "5": [0.0, 0.0, 0.0, 0.0, 2.4e-05, 0.000141, 0.000494, 0.001318, 0.002964, 0.005929, 0.01087, 0.018634, 0.03028, 0.047101, 0.070652, 0.102767, 0.145586, 0.201581, 0.273574, 0.364766, 0.478755, 0.619565, 0.791667]}}