{"highCard": [[0.16667, 0.31159, 0.43676, 0.54404, 0.63523, 0.71203, 0.77602, 0.82872, 0.87154, 0.9058, 0.93271, 0.95342, 0.96894, 0.98024, 0.98814, 0.99341, 0.99671, 0.99859, 0.99953, 0.99991, 1.0, 1.0, 1.0]], "pair": [[0.0, 0.02174, 0.06126, 0.11491, 0.17928, 0.25127, 0.32806, 0.40711, 0.48617, 0.56324, 0.63665, 0.70497, 0.76708, 0.82213, 0.86957, 0.90909, 0.94071, 0.96471, 0.98165, 0.99238, 0.99802, 1.0, 1.0], [0.125, 0.23913, 0.34289, 0.43676, 0.52125, 0.59684, 0.66403, 0.72332, 0.7752, 0.82016, 0.8587, 0.8913, 0.91848, 0.94071, 0.9585, 0.97233, 0.98271, 0.99012, 0.99506, 0.99802, 0.99951, 1.0, 1.0]], "threeOfAKind": [[0.0, 0.0, 0.00198, 0.00762, 0.01835, 0.03529, 0.05929, 0.09091, 0.13043, 0.17787, 0.23292, 0.29503, 0.36335, 0.43676, 0.51383, 0.59289, 0.67194, 0.74873, 0.82072, 0.88509, 0.93874, 0.97826, 1.0], [0.0, 0.01087, 0.03162, 0.06126, 0.09881, 0.14328, 0.19368, 0.24901, 0.3083, 0.37055, 0.43478, 0.5, 0.56522, 0.62945, 0.6917, 0.75099, 0.80632, 0.85672, 0.90119, 0.93874, 0.96838, 0.98913, 1.0], [0.08333, 0.16304, 0.23913, 0.31159, 0.38043, 0.44565, 0.50725, 0.56522, 0.61957, 0.67029, 0.71739, 0.76087, 0.80072, 0.83696, 0.86957, 0.89855, 0.92391, 0.94565, 0.96377, 0.97826, 0.98913, 0.99638, 1.0]], "fourOfAKind": [[0.0, 0.0, 0.0, 9e-05, 0.00047, 0.00141, 0.00329, 0.00659, 0.01186, 0.01976, 0.03106, 0.04658, 0.06729, 0.0942, 0.12846, 0.17128, 0.22398, 0.28797, 0.36477, 0.45596, 0.56324, 0.68841, 0.83333], [0.0, 0.0, 0.00049, 0.00198, 0.00494, 0.00988, 0.01729, 0.02767, 0.0415, 0.05929, 0.08152, 0.1087, 0.1413, 0.17984, 0.2248, 0.27668, 0.33597, 0.40316, 0.47875, 0.56324, 0.65711, 0.76087, 0.875], [0.0, 0.00362, 0.01087, 0.02174, 0.03623, 0.05435, 0.07609, 0.10145, 0.13043, 0.16304, 0.19928, 0.23913, 0.28261, 0.32971, 0.38043, 0.43478, 0.49275, 0.55435, 0.61957, 0.68841, 0.76087, 0.83696, 0.91667], [0.04167, 0.08333, 0.125, 0.16667, 0.20833, 0.25, 0.29167, 0.33333, 0.375, 0.41667, 0.45833, 0.5, 0.54167, 0.58333, 0.625, 0.66667, 0.70833, 0.75, 0.79167, 0.83333, 0.875, 0.91667, 0.95833]], "twoPair": [[[0.0, 0.0, 0.0, 0.00339, 0.01468, 0.03801, 0.07621, 0.13038, 0.19982, 0.28222, 0.37404, 0.47092, 0.56822, 0.66146, 0.74673, 0.82097, 0.88219, 0.92954, 0.9633, 0.98475, 0.99605, 1.0, 1.0]], [[0.0, 0.0, 0.00889, 0.03162, 0.07009, 0.12396, 0.19132, 0.26926, 0.35433, 0.4429, 0.53146, 0.61687, 0.69643, 0.76805, 0.83025, 0.88219, 0.92362, 0.95486, 0.97671, 0.9904, 0.99753, 1.0, 1.0], [0.0, 0.03261, 0.08893, 0.16149, 0.24407, 0.3316, 0.42001, 0.50614, 0.58758, 0.66263, 0.73014, 0.78947, 0.84039, 0.88298, 0.91762, 0.94487, 0.96547, 0.98024, 0.99012, 0.99605, 0.99901, 1.0, 1.0]], [[0.0, 0.02174, 0.06126, 0.11491, 0.17928, 0.25127, 0.32806, 0.40711, 0.48617, 0.56324, 0.63665, 0.70497, 0.76708, 0.82213, 0.86957, 0.90909, 0.94071, 0.96471, 0.98165, 0.99238, 0.99802, 1.0, 1.0], [0.125, 0.23913, 0.34289, 0.43676, 0.52125, 0.59684, 0.66403, 0.72332, 0.7752, 0.82016, 0.8587, 0.8913, 0.91848, 0.94071, 0.9585, 0.97233, 0.98271, 0.99012, 0.99506, 0.99802, 0.99951, 1.0, 1.0]]], "fullHouse": [[[0.0, 0.0, 0.0, 0.0, 0.00056, 0.00302, 0.00936, 0.02204, 0.04358, 0.07621, 0.12155, 0.18028, 0.25199, 0.33511, 0.42698, 0.52402, 0.62201, 0.71646, 0.80294, 0.87747, 0.93676, 0.97826, 1.0], [0.0, 0.0, 0.0, 0.00113, 0.00515, 0.01407, 0.02982, 0.05402, 0.08784, 0.13189, 0.18617, 0.25008, 0.32245, 0.4016, 0.48544, 0.57153, 0.6572, 0.73964, 0.81592, 0.88312, 0.93824, 0.97826, 1.0], [0.0, 0.0, 0.00198, 0.00762, 0.01835, 0.03529, 0.05929, 0.09091, 0.13043, 0.17787, 0.23292, 0.29503, 0.36335, 0.43676, 0.51383, 0.59289, 0.67194, 0.74873, 0.82072, 0.88509, 0.93874, 0.97826, 1.0]], [[0.0, 0.0, 0.0, 0.00169, 0.00762, 0.02051, 0.04278, 0.07621, 0.1217, 0.17922, 0.24779, 0.3256, 0.4101, 0.49828, 0.58685, 0.67249, 0.7521, 0.823, 0.88312, 0.93111, 0.9664, 0.98913, 1.0], [0.0, 0.0, 0.00445, 0.01637, 0.03762, 0.06901, 0.11057, 0.16164, 0.22108, 0.28739, 0.35882, 0.43347, 0.50944, 0.58482, 0.65784, 0.72686, 0.79041, 0.84725, 0.89632, 0.93676, 0.96789, 0.98913, 1.0], [0.0, 0.01087, 0.03162, 0.06126, 0.09881, 0.14328, 0.19368, 0.24901, 0.3083, 0.37055, 0.43478, 0.5, 0.56522, 0.62945, 0.6917, 0.75099, 0.80632, 0.85672, 0.90119, 0.93874, 0.96838, 0.98913, 1.0]], [[0.0, 0.0, 0.00593, 0.02165, 0.04927, 0.08948, 0.14181, 0.20491, 0.27678, 0.355, 0.43691, 0.51978, 0.60099, 0.67813, 0.74912, 0.81229, 0.86644, 0.9109, 0.94551, 0.97064, 0.98715, 0.99638, 1.0], [0.0, 0.02174, 0.06077, 0.11312, 0.17525, 0.24407, 0.31686, 0.3913, 0.46542, 0.53755, 0.60637, 0.67081, 0.73007, 0.7836, 0.83103, 0.8722, 0.90711, 0.93591, 0.95885, 0.97628, 0.98864, 0.99638, 1.0], [0.08333, 0.16304, 0.23913, 0.31159, 0.38043, 0.44565, 0.50725, 0.56522, 0.61957, 0.67029, 0.71739, 0.76087, 0.80072, 0.83696, 0.86957, 0.89855, 0.92391, 0.94565, 0.96377, 0.97826, 0.98913, 0.99638, 1.0]], [[0.0, 0.02174, 0.06126, 0.11491, 0.17928, 0.25127, 0.32806, 0.40711, 0.48617, 0.56324, 0.63665, 0.70497, 0.76708, 0.82213, 0.86957, 0.90909, 0.94071, 0.96471, 0.98165, 0.99238, 0.99802, 1.0, 1.0], [0.125, 0.23913, 0.34289, 0.43676, 0.52125, 0.59684, 0.66403, 0.72332, 0.7752, 0.82016, 0.8587, 0.8913, 0.91848, 0.94071, 0.9585, 0.97233, 0.98271, 0.99012, 0.99506, 0.99802, 0.99951, 1.0, 1.0]]], "straight": [[0.0, 0.0, 0.0, 0.0, 0.02409, 0.08749, 0.18787, 0.31188, 0.44352, 0.56948, 0.68101, 0.77381, 0.84696, 0.9018, 0.94083, 0.96708, 0.98353, 0.99294, 0.99765, 0.99953, 1.0, 1.0, 1.0], [0.0, 0.0, 0.0, 0.02409, 0.08432, 0.17784, 0.29328, 0.41719, 0.53799, 0.64755, 0.74133, 0.8177, 0.87712, 0.92132, 0.95264, 0.97366, 0.98682, 0.99435, 0.99812, 0.99962, 1.0, 1.0, 1.0], [0.0, 0.0, 0.03162, 0.09938, 0.19537, 0.30771, 0.42494, 0.53799, 0.6407, 0.72961, 0.80338, 0.86227, 0.90751, 0.9409, 0.96446, 0.98024, 0.99012, 0.99577, 0.99859, 0.99972, 1.0, 1.0, 1.0], [0.0, 0.05797, 0.1502, 0.25936, 0.37324, 0.48355, 0.5851, 0.67494, 0.75183, 0.81568, 0.86717, 0.90751, 0.93811, 0.96054, 0.9763, 0.98683, 0.99341, 0.99718, 0.99906, 0.99981, 1.0, 1.0, 1.0], [0.16667, 0.31159, 0.43676, 0.54404, 0.63523, 0.71203, 0.77602, 0.82872, 0.87154, 0.9058, 0.93271, 0.95342, 0.96894, 0.98024, 0.98814, 0.99341, 0.99671, 0.99859, 0.99953, 0.99991, 1.0, 1.0, 1.0]], "flush": [[0.0, 0.0, 0.0, 0.0, 0.00014, 0.00081, 0.0027, 0.00686, 0.01467, 0.02777, 0.04805, 0.07748, 0.11793, 0.17105, 0.23799, 0.31912, 0.41377, 0.51987, 0.63354, 0.74873, 0.85672, 0.94565, 1.0], [0.0, 0.0, 0.0, 0.00047, 0.00226, 0.00649, 0.01449, 0.02767, 0.04743, 0.0751, 0.1118, 0.15839, 0.21532, 0.28261, 0.35968, 0.44532, 0.53755, 0.63354, 0.72953, 0.82072, 0.90119, 0.96377, 1.0], [0.0, 0.0, 0.00198, 0.00762, 0.01835, 0.03529, 0.05929, 0.09091, 0.13043, 0.17787, 0.23292, 0.29503, 0.36335, 0.43676, 0.51383, 0.59289, 0.67194, 0.74873, 0.82072, 0.88509, 0.93874, 0.97826, 1.0], [0.0, 0.01087, 0.03162, 0.06126, 0.09881, 0.14328, 0.19368, 0.24901, 0.3083, 0.37055, 0.43478, 0.5, 0.56522, 0.62945, 0.6917, 0.75099, 0.80632, 0.85672, 0.90119, 0.93874, 0.96838, 0.98913, 1.0], [0.08333, 0.16304, 0.23913, 0.31159, 0.38043, 0.44565, 0.50725, 0.56522, 0.61957, 0.67029, 0.71739, 0.76087, 0.80072, 0.83696, 0.86957, 0.89855, 0.92391, 0.94565, 0.96377, 0.97826, 0.98913, 0.99638, 1.0]],